{
    "arabica": [
        {
            "foto": "/IMG-20230713-WA0060.jpg",
            "nama": "Mie Carbonara",
            "size": "500 Gram",
            "harga": "15.000",
            "link": "https://www.google.com/search?q=cappuccino+arabica&tbm=shop"
        },
        {
            "foto": "/IMG-20230713-WA0062.jpg",
            "nama": "Ayam Goreng",
            "size": "100 Gram",
            "harga": "15.000",
            "link": "https://www.google.com/search?q=pahit+arabica&tbm=shop"
        },
        {
            "foto": "/Mie Nyemek.jpg",
            "nama": "Mie Nyemek",
            "size": "150 Gram",
            "harga": "15.000",
            "link": "https://www.google.com/search?q=latte+arabica&tbm=shop"
        },
        {
            "foto": "/Ayam Bakar.jpg",
            "nama": "Ayam Bakar",
            "size": "150 Gram",
            "harga": "15.000",
            "link": "https://www.google.com/search?q=latte+arabica&tbm=shop"
        },
        {
            "foto": "/Pancake almond chese.jpg",
            "nama": "Pancake Almond Cheese",
            "size": "150 Gram",
            "harga": "15.000",
            "link": "https://www.google.com/search?q=latte+arabica&tbm=shop"
        },
        {
            "foto": "/Kentang .jpg",
            "nama": "Kentang Sosis Goreng",
            "size": "150 Gram",
            "harga": "15.000",
            "link": "https://www.google.com/search?q=latte+arabica&tbm=shop"
        },
        {
            "foto": "/Coklat.jpg",
            "nama": "Pancake Oreo Cheese",
            "size": "150 Gram",
            "harga": "15.000",
            "link": "https://www.google.com/search?q=latte+arabica&tbm=shop"
        },
        {
          "foto": "/Geprek.jpg",
          "nama": "Ayam Geprek",
          "size": "150 Gram",
          "harga": "15.000",
          "link": "https://www.google.com/search?q=latte+arabica&tbm=shop"
        }
    ],
    "robusta": [
        {
            "foto": "images/produk/product_kopi_susu.jpg",
            "nama": "Kopsus Robusta",
            "size": "100 Gram",
            "harga": "15.000",
            "link": "https://www.google.com/search?q=kopi+susu+robusta&tbm=shop"
        },
        {
            "foto": "images/produk/product_latte.jpg",
            "nama": "Latte Robusta",
            "size": "150 Gram",
            "harga": "15.000",
            "link": "https://www.google.com/search?q=latte+robusta&tbm=shop"
        },
        {
          "foto": "/Ocean Blue.jpg",
          "nama": "Ocean Blue",
          "size": "150 Gram",
          "harga": "15.000",
          "link": "https://www.google.com/search?q=latte+robusta&tbm=shop"
        }
    ]
}